{"accuracy": [0.1602674424648285, 0.621907651424408, 0.740493655204773, 0.7938971519470215, 0.8233160376548767, 0.8396044969558716, 0.8530763387680054, 0.8632477521896362, 0.8648694753646851, 0.8753396272659302], "loss": [3.0580191612243652, 1.2187918424606323, 0.8171504735946655, 0.6453130841255188, 0.551785945892334, 0.4989950358867645, 0.45388200879096985, 0.4241410791873932, 0.41231265664100647, 0.3845485746860504], "val_accuracy": [0.4519690275192261, 0.7306510210037231, 0.7443660497665405, 0.8067948818206787, 0.817493736743927, 0.8442408442497253, 0.8577851057052612, 0.8569315075874329, 0.8143068552017212, 0.8672888875007629], "val_loss": [1.7579632997512817, 0.8444506525993347, 0.7987979054450989, 0.6070252656936646, 0.5727078914642334, 0.48750704526901245, 0.4511927664279938, 0.4592162072658539, 0.6226738691329956, 0.41950345039367676]}